<?xml version="1.0"?><Employees><Employee id="10001"><FirstName>George</FirstName><LastName>Williams</LastName><DateOfBirth>15-3-1963</DateOfBirth><Gender>M</Gender><Salary>2746,01</Salary></Employee><Employee id="10003"><FirstName>John</FirstName><LastName>Williams</LastName><DateOfBirth>10-11-1964</DateOfBirth><Gender>M</Gender><Salary>2880,56</Salary></Employee><Employee id="10005"><FirstName>John</FirstName><LastName>Brown</LastName><DateOfBirth>9-7-1966</DateOfBirth><Gender>M</Gender><Salary>3015,11</Salary></Employee><Employee id="10007"><FirstName>Matthew</FirstName><LastName>Brown</LastName><DateOfBirth>6-3-1968</DateOfBirth><Gender>M</Gender><Salary>3149,66</Salary></Employee><Employee id="10009"><FirstName>Matthew</FirstName><LastName>Jones</LastName><DateOfBirth>2-11-1969</DateOfBirth><Gender>M</Gender><Salary>3284,21</Salary></Employee><Employee id="10011"><FirstName>Bill</FirstName><LastName>Jones</LastName><DateOfBirth>1-7-1971</DateOfBirth><Gender>M</Gender><Salary>3418,77</Salary></Employee><Employee id="10013"><FirstName>Bill</FirstName><LastName>Miller</LastName><DateOfBirth>26-2-1973</DateOfBirth><Gender>F</Gender><Salary>3553,32</Salary></Employee><Employee id="10015"><FirstName>Ethan</FirstName><LastName>Miller</LastName><DateOfBirth>25-10-1974</DateOfBirth><Gender>F</Gender><Salary>3687,87</Salary></Employee><Employee id="10017"><FirstName>Ethan</FirstName><LastName>Davis</LastName><DateOfBirth>22-6-1976</DateOfBirth><Gender>F</Gender><Salary>3822,42</Salary></Employee><Employee id="10019"><FirstName>Micheal</FirstName><LastName>Davis</LastName><DateOfBirth>18-2-1978</DateOfBirth><Gender>F</Gender><Salary>3956,97</Salary></Employee><Employee id="10021"><FirstName>Micheal</FirstName><LastName>Davis</LastName><DateOfBirth>17-10-1979</DateOfBirth><Gender>F</Gender><Salary>4091,52</Salary></Employee><Employee id="10023"><FirstName>David</FirstName><LastName>Garcia</LastName><DateOfBirth>14-6-1981</DateOfBirth><Gender>F</Gender><Salary>4226,08</Salary></Employee><Employee id="10025"><FirstName>David</FirstName><LastName>Garcia</LastName><DateOfBirth>11-2-1983</DateOfBirth><Gender>F</Gender><Salary>4360,63</Salary></Employee><Employee id="10027"><FirstName>James</FirstName><LastName>Rodriguez</LastName><DateOfBirth>9-10-1984</DateOfBirth><Gender>F</Gender><Salary>4495,18</Salary></Employee><Employee id="10029"><FirstName>James</FirstName><LastName>Rodriguez</LastName><DateOfBirth>7-6-1986</DateOfBirth><Gender>F</Gender><Salary>4629,73</Salary></Employee><Employee id="10031"><FirstName>John</FirstName><LastName>Wilson</LastName><DateOfBirth>3-2-1988</DateOfBirth><Gender>F</Gender><Salary>4764,28</Salary></Employee><Employee id="10033"><FirstName>John</FirstName><LastName>Wilson</LastName><DateOfBirth>1-10-1989</DateOfBirth><Gender>F</Gender><Salary>4898,84</Salary></Employee><Employee id="10035"><FirstName>Peter</FirstName><LastName>Smith</LastName><DateOfBirth>31-5-1954</DateOfBirth><Gender>M</Gender><Salary>2033,39</Salary></Employee><Employee id="10037"><FirstName>Peter</FirstName><LastName>Smith</LastName><DateOfBirth>27-1-1956</DateOfBirth><Gender>M</Gender><Salary>2167,94</Salary></Employee><Employee id="10039"><FirstName>Pierre</FirstName><LastName>Johnson</LastName><DateOfBirth>24-9-1957</DateOfBirth><Gender>M</Gender><Salary>2302,49</Salary></Employee><Employee id="10041"><FirstName>Pierre</FirstName><LastName>Johnson</LastName><DateOfBirth>23-5-1959</DateOfBirth><Gender>M</Gender><Salary>2437,04</Salary></Employee><Employee id="10043"><FirstName>George</FirstName><LastName>Johnson</LastName><DateOfBirth>18-1-1961</DateOfBirth><Gender>M</Gender><Salary>2571,60</Salary></Employee><Employee id="10045"><FirstName>George</FirstName><LastName>Williams</LastName><DateOfBirth>16-9-1962</DateOfBirth><Gender>M</Gender><Salary>2706,15</Salary></Employee><Employee id="10047"><FirstName>John</FirstName><LastName>Williams</LastName><DateOfBirth>14-5-1964</DateOfBirth><Gender>M</Gender><Salary>2840,70</Salary></Employee><Employee id="10049"><FirstName>John</FirstName><LastName>Brown</LastName><DateOfBirth>10-1-1966</DateOfBirth><Gender>M</Gender><Salary>2975,25</Salary></Employee><Employee id="10051"><FirstName>Matthew</FirstName><LastName>Brown</LastName><DateOfBirth>8-9-1967</DateOfBirth><Gender>M</Gender><Salary>3109,80</Salary></Employee><Employee id="10053"><FirstName>Matthew</FirstName><LastName>Jones</LastName><DateOfBirth>6-5-1969</DateOfBirth><Gender>M</Gender><Salary>3244,35</Salary></Employee><Employee id="10055"><FirstName>Bill</FirstName><LastName>Jones</LastName><DateOfBirth>3-1-1971</DateOfBirth><Gender>M</Gender><Salary>3378,91</Salary></Employee><Employee id="10057"><FirstName>Bill</FirstName><LastName>Miller</LastName><DateOfBirth>31-8-1972</DateOfBirth><Gender>F</Gender><Salary>3513,46</Salary></Employee><Employee id="10059"><FirstName>Ethan</FirstName><LastName>Miller</LastName><DateOfBirth>29-4-1974</DateOfBirth><Gender>F</Gender><Salary>3648,01</Salary></Employee><Employee id="10061"><FirstName>Ethan</FirstName><LastName>Miller</LastName><DateOfBirth>26-12-1975</DateOfBirth><Gender>F</Gender><Salary>3782,56</Salary></Employee><Employee id="10063"><FirstName>Micheal</FirstName><LastName>Davis</LastName><DateOfBirth>23-8-1977</DateOfBirth><Gender>F</Gender><Salary>3917,11</Salary></Employee><Employee id="10065"><FirstName>Micheal</FirstName><LastName>Davis</LastName><DateOfBirth>21-4-1979</DateOfBirth><Gender>F</Gender><Salary>4051,67</Salary></Employee><Employee id="10067"><FirstName>David</FirstName><LastName>Garcia</LastName><DateOfBirth>17-12-1980</DateOfBirth><Gender>F</Gender><Salary>4186,22</Salary></Employee><Employee id="10069"><FirstName>David</FirstName><LastName>Garcia</LastName><DateOfBirth>15-8-1982</DateOfBirth><Gender>F</Gender><Salary>4320,77</Salary></Employee><Employee id="10071"><FirstName>James</FirstName><LastName>Rodriguez</LastName><DateOfBirth>12-4-1984</DateOfBirth><Gender>F</Gender><Salary>4455,32</Salary></Employee><Employee id="10073"><FirstName>James</FirstName><LastName>Rodriguez</LastName><DateOfBirth>9-12-1985</DateOfBirth><Gender>F</Gender><Salary>4589,87</Salary></Employee><Employee id="10075"><FirstName>James</FirstName><LastName>Wilson</LastName><DateOfBirth>7-8-1987</DateOfBirth><Gender>F</Gender><Salary>4724,43</Salary></Employee><Employee id="10077"><FirstName>John</FirstName><LastName>Wilson</LastName><DateOfBirth>4-4-1989</DateOfBirth><Gender>F</Gender><Salary>4858,98</Salary></Employee><Employee id="10079"><FirstName>John</FirstName><LastName>Wilson</LastName><DateOfBirth>1-12-1990</DateOfBirth><Gender>F</Gender><Salary>4993,53</Salary></Employee><Employee id="10081"><FirstName>Peter</FirstName><LastName>Smith</LastName><DateOfBirth>31-7-1955</DateOfBirth><Gender>M</Gender><Salary>2128,08</Salary></Employee><Employee id="10083"><FirstName>Peter</FirstName><LastName>Smith</LastName><DateOfBirth>28-3-1957</DateOfBirth><Gender>M</Gender><Salary>2262,63</Salary></Employee><Employee id="10085"><FirstName>Pierre</FirstName><LastName>Johnson</LastName><DateOfBirth>25-11-1958</DateOfBirth><Gender>M</Gender><Salary>2397,18</Salary></Employee><Employee id="10087"><FirstName>Pierre</FirstName><LastName>Johnson</LastName><DateOfBirth>23-7-1960</DateOfBirth><Gender>M</Gender><Salary>2531,74</Salary></Employee><Employee id="10089"><FirstName>George</FirstName><LastName>Williams</LastName><DateOfBirth>21-3-1962</DateOfBirth><Gender>M</Gender><Salary>2666,29</Salary></Employee><Employee id="10091"><FirstName>George</FirstName><LastName>Williams</LastName><DateOfBirth>17-11-1963</DateOfBirth><Gender>M</Gender><Salary>2800,84</Salary></Employee><Employee id="10093"><FirstName>John</FirstName><LastName>Brown</LastName><DateOfBirth>15-7-1965</DateOfBirth><Gender>M</Gender><Salary>2935,39</Salary></Employee><Employee id="10095"><FirstName>John</FirstName><LastName>Brown</LastName><DateOfBirth>13-3-1967</DateOfBirth><Gender>M</Gender><Salary>3069,94</Salary></Employee><Employee id="10097"><FirstName>Matthew</FirstName><LastName>Jones</LastName><DateOfBirth>8-11-1968</DateOfBirth><Gender>M</Gender><Salary>3204,50</Salary></Employee><Employee id="10099"><FirstName>Matthew</FirstName><LastName>Jones</LastName><DateOfBirth>7-7-1970</DateOfBirth><Gender>M</Gender><Salary>3339,05</Salary></Employee></Employees>