<?xml version="1.0" encoding="Windows-1252"?><Employees><Employee id="10000"><FirstName>Micheal</FirstName><LastName>Garcia</LastName><DateOfBirth>13-11-1980</DateOfBirth><Gender>F</Gender><Salary>4178,73</Salary></Employee><Employee id="10002"><FirstName>David</FirstName><LastName>Garcia</LastName><DateOfBirth>12-7-1982</DateOfBirth><Gender>F</Gender><Salary>4313,28</Salary></Employee><Employee id="10004"><FirstName>David</FirstName><LastName>Rodriguez</LastName><DateOfBirth>9-3-1984</DateOfBirth><Gender>F</Gender><Salary>4447,83</Salary></Employee><Employee id="10006"><FirstName>James</FirstName><LastName>Rodriguez</LastName><DateOfBirth>5-11-1985</DateOfBirth><Gender>F</Gender><Salary>4582,39</Salary></Employee><Employee id="10008"><FirstName>James</FirstName><LastName>Wilson</LastName><DateOfBirth>4-7-1987</DateOfBirth><Gender>F</Gender><Salary>4716,94</Salary></Employee><Employee id="10010"><FirstName>John</FirstName><LastName>Wilson</LastName><DateOfBirth>2-3-1989</DateOfBirth><Gender>F</Gender><Salary>4851,49</Salary></Employee><Employee id="10012"><FirstName>John</FirstName><LastName>Wilson</LastName><DateOfBirth>29-10-1990</DateOfBirth><Gender>F</Gender><Salary>4986,04</Salary></Employee><Employee id="10014"><FirstName>Peter</FirstName><LastName>Smith</LastName><DateOfBirth>28-6-1955</DateOfBirth><Gender>M</Gender><Salary>2120,59</Salary></Employee><Employee id="10016"><FirstName>Peter</FirstName><LastName>Smith</LastName><DateOfBirth>23-2-1957</DateOfBirth><Gender>M</Gender><Salary>2255,14</Salary></Employee><Employee id="10018"><FirstName>Pierre</FirstName><LastName>Johnson</LastName><DateOfBirth>22-10-1958</DateOfBirth><Gender>M</Gender><Salary>2389,70</Salary></Employee><Employee id="10020"><FirstName>Pierre</FirstName><LastName>Johnson</LastName><DateOfBirth>19-6-1960</DateOfBirth><Gender>M</Gender><Salary>2524,25</Salary></Employee><Employee id="10022"><FirstName>George</FirstName><LastName>Williams</LastName><DateOfBirth>15-2-1962</DateOfBirth><Gender>M</Gender><Salary>2658,80</Salary></Employee><Employee id="10024"><FirstName>George</FirstName><LastName>Williams</LastName><DateOfBirth>14-10-1963</DateOfBirth><Gender>M</Gender><Salary>2793,35</Salary></Employee><Employee id="10026"><FirstName>John</FirstName><LastName>Brown</LastName><DateOfBirth>11-6-1965</DateOfBirth><Gender>M</Gender><Salary>2927,90</Salary></Employee><Employee id="10028"><FirstName>John</FirstName><LastName>Brown</LastName><DateOfBirth>7-2-1967</DateOfBirth><Gender>M</Gender><Salary>3062,46</Salary></Employee><Employee id="10030"><FirstName>Matthew</FirstName><LastName>Brown</LastName><DateOfBirth>5-10-1968</DateOfBirth><Gender>M</Gender><Salary>3197,01</Salary></Employee><Employee id="10032"><FirstName>Matthew</FirstName><LastName>Jones</LastName><DateOfBirth>3-6-1970</DateOfBirth><Gender>M</Gender><Salary>3331,56</Salary></Employee><Employee id="10034"><FirstName>Bill</FirstName><LastName>Jones</LastName><DateOfBirth>30-1-1972</DateOfBirth><Gender>M</Gender><Salary>3466,11</Salary></Employee><Employee id="10036"><FirstName>Bill</FirstName><LastName>Miller</LastName><DateOfBirth>27-9-1973</DateOfBirth><Gender>F</Gender><Salary>3600,66</Salary></Employee><Employee id="10038"><FirstName>Ethan</FirstName><LastName>Miller</LastName><DateOfBirth>26-5-1975</DateOfBirth><Gender>F</Gender><Salary>3735,22</Salary></Employee><Employee id="10040"><FirstName>Ethan</FirstName><LastName>Davis</LastName><DateOfBirth>22-1-1977</DateOfBirth><Gender>F</Gender><Salary>3869,77</Salary></Employee><Employee id="10042"><FirstName>Micheal</FirstName><LastName>Davis</LastName><DateOfBirth>20-9-1978</DateOfBirth><Gender>F</Gender><Salary>4004,32</Salary></Employee><Employee id="10044"><FirstName>Micheal</FirstName><LastName>Garcia</LastName><DateOfBirth>18-5-1980</DateOfBirth><Gender>F</Gender><Salary>4138,87</Salary></Employee><Employee id="10046"><FirstName>David</FirstName><LastName>Garcia</LastName><DateOfBirth>14-1-1982</DateOfBirth><Gender>F</Gender><Salary>4273,42</Salary></Employee><Employee id="10048"><FirstName>David</FirstName><LastName>Rodriguez</LastName><DateOfBirth>12-9-1983</DateOfBirth><Gender>F</Gender><Salary>4407,98</Salary></Employee><Employee id="10050"><FirstName>James</FirstName><LastName>Rodriguez</LastName><DateOfBirth>10-5-1985</DateOfBirth><Gender>F</Gender><Salary>4542,53</Salary></Employee><Employee id="10052"><FirstName>James</FirstName><LastName>Rodriguez</LastName><DateOfBirth>6-1-1987</DateOfBirth><Gender>F</Gender><Salary>4677,08</Salary></Employee><Employee id="10054"><FirstName>John</FirstName><LastName>Wilson</LastName><DateOfBirth>3-9-1988</DateOfBirth><Gender>F</Gender><Salary>4811,63</Salary></Employee><Employee id="10056"><FirstName>John</FirstName><LastName>Wilson</LastName><DateOfBirth>2-5-1990</DateOfBirth><Gender>F</Gender><Salary>4946,18</Salary></Employee><Employee id="10058"><FirstName>Peter</FirstName><LastName>Smith</LastName><DateOfBirth>30-12-1954</DateOfBirth><Gender>M</Gender><Salary>2080,73</Salary></Employee><Employee id="10060"><FirstName>Peter</FirstName><LastName>Smith</LastName><DateOfBirth>27-8-1956</DateOfBirth><Gender>M</Gender><Salary>2215,29</Salary></Employee><Employee id="10062"><FirstName>Pierre</FirstName><LastName>Johnson</LastName><DateOfBirth>25-4-1958</DateOfBirth><Gender>M</Gender><Salary>2349,84</Salary></Employee><Employee id="10064"><FirstName>Pierre</FirstName><LastName>Johnson</LastName><DateOfBirth>22-12-1959</DateOfBirth><Gender>M</Gender><Salary>2484,39</Salary></Employee><Employee id="10066"><FirstName>George</FirstName><LastName>Williams</LastName><DateOfBirth>19-8-1961</DateOfBirth><Gender>M</Gender><Salary>2618,94</Salary></Employee><Employee id="10068"><FirstName>George</FirstName><LastName>Williams</LastName><DateOfBirth>17-4-1963</DateOfBirth><Gender>M</Gender><Salary>2753,49</Salary></Employee><Employee id="10070"><FirstName>John</FirstName><LastName>Williams</LastName><DateOfBirth>14-12-1964</DateOfBirth><Gender>M</Gender><Salary>2888,05</Salary></Employee><Employee id="10072"><FirstName>John</FirstName><LastName>Brown</LastName><DateOfBirth>12-8-1966</DateOfBirth><Gender>M</Gender><Salary>3022,60</Salary></Employee><Employee id="10074"><FirstName>Matthew</FirstName><LastName>Brown</LastName><DateOfBirth>9-4-1968</DateOfBirth><Gender>M</Gender><Salary>3157,15</Salary></Employee><Employee id="10076"><FirstName>Matthew</FirstName><LastName>Jones</LastName><DateOfBirth>6-12-1969</DateOfBirth><Gender>M</Gender><Salary>3291,70</Salary></Employee><Employee id="10078"><FirstName>Bill</FirstName><LastName>Jones</LastName><DateOfBirth>4-8-1971</DateOfBirth><Gender>M</Gender><Salary>3426,25</Salary></Employee><Employee id="10080"><FirstName>Bill</FirstName><LastName>Miller</LastName><DateOfBirth>1-4-1973</DateOfBirth><Gender>F</Gender><Salary>3560,81</Salary></Employee><Employee id="10082"><FirstName>Ethan</FirstName><LastName>Miller</LastName><DateOfBirth>28-11-1974</DateOfBirth><Gender>F</Gender><Salary>3695,36</Salary></Employee><Employee id="10084"><FirstName>Ethan</FirstName><LastName>Davis</LastName><DateOfBirth>26-7-1976</DateOfBirth><Gender>F</Gender><Salary>3829,91</Salary></Employee><Employee id="10086"><FirstName>Micheal</FirstName><LastName>Davis</LastName><DateOfBirth>24-3-1978</DateOfBirth><Gender>F</Gender><Salary>3964,46</Salary></Employee><Employee id="10088"><FirstName>Micheal</FirstName><LastName>Davis</LastName><DateOfBirth>20-11-1979</DateOfBirth><Gender>F</Gender><Salary>4099,01</Salary></Employee><Employee id="10090"><FirstName>David</FirstName><LastName>Garcia</LastName><DateOfBirth>18-7-1981</DateOfBirth><Gender>F</Gender><Salary>4233,56</Salary></Employee><Employee id="10092"><FirstName>David</FirstName><LastName>Garcia</LastName><DateOfBirth>16-3-1983</DateOfBirth><Gender>F</Gender><Salary>4368,12</Salary></Employee><Employee id="10094"><FirstName>James</FirstName><LastName>Rodriguez</LastName><DateOfBirth>11-11-1984</DateOfBirth><Gender>F</Gender><Salary>4502,67</Salary></Employee><Employee id="10096"><FirstName>James</FirstName><LastName>Rodriguez</LastName><DateOfBirth>10-7-1986</DateOfBirth><Gender>F</Gender><Salary>4637,22</Salary></Employee><Employee id="10098"><FirstName>John</FirstName><LastName>Wilson</LastName><DateOfBirth>7-3-1988</DateOfBirth><Gender>F</Gender><Salary>4771,77</Salary></Employee></Employees>