<?xml version="1.0" encoding="Windows-1252"?><Employees><Employee><EmployeeId>10000</EmployeeId><FirstName>Micheal</FirstName><LastName>Garcia</LastName><DateOfBirth>13-11-1980 00:00:00</DateOfBirth><Salary>4178,73</Salary><Gender>M</Gender></Employee><Employee><EmployeeId>10002</EmployeeId><FirstName>David</FirstName><LastName>Garcia</LastName><DateOfBirth>12-7-1982 00:00:00</DateOfBirth><Salary>4313,28</Salary><Gender>M</Gender></Employee><Employee><EmployeeId>10004</EmployeeId><FirstName>David</FirstName><LastName>Rodriguez</LastName><DateOfBirth>9-3-1984 00:00:00</DateOfBirth><Salary>4447,83</Salary><Gender>M</Gender></Employee><Employee><EmployeeId>10006</EmployeeId><FirstName>James</FirstName><LastName>Rodriguez</LastName><DateOfBirth>5-11-1985 00:00:00</DateOfBirth><Salary>4582,39</Salary><Gender>M</Gender></Employee><Employee><EmployeeId>10008</EmployeeId><FirstName>James</FirstName><LastName>Wilson</LastName><DateOfBirth>4-7-1987 00:00:00</DateOfBirth><Salary>4716,94</Salary><Gender>M</Gender></Employee><Employee><EmployeeId>10010</EmployeeId><FirstName>John</FirstName><LastName>Wilson</LastName><DateOfBirth>2-3-1989 00:00:00</DateOfBirth><Salary>4851,49</Salary><Gender>M</Gender></Employee><Employee><EmployeeId>10012</EmployeeId><FirstName>John</FirstName><LastName>Wilson</LastName><DateOfBirth>29-10-1990 00:00:00</DateOfBirth><Salary>4986,04</Salary><Gender>M</Gender></Employee><Employee><EmployeeId>10014</EmployeeId><FirstName>Peter</FirstName><LastName>Smith</LastName><DateOfBirth>28-6-1955 00:00:00</DateOfBirth><Salary>2120,59</Salary><Gender>M</Gender></Employee><Employee><EmployeeId>10016</EmployeeId><FirstName>Peter</FirstName><LastName>Smith</LastName><DateOfBirth>23-2-1957 00:00:00</DateOfBirth><Salary>2255,14</Salary><Gender>M</Gender></Employee><Employee><EmployeeId>10018</EmployeeId><FirstName>Pierre</FirstName><LastName>Johnson</LastName><DateOfBirth>22-10-1958 00:00:00</DateOfBirth><Salary>2389,70</Salary><Gender>M</Gender></Employee><Employee><EmployeeId>10020</EmployeeId><FirstName>Pierre</FirstName><LastName>Johnson</LastName><DateOfBirth>19-6-1960 00:00:00</DateOfBirth><Salary>2524,25</Salary><Gender>M</Gender></Employee><Employee><EmployeeId>10022</EmployeeId><FirstName>George</FirstName><LastName>Williams</LastName><DateOfBirth>15-2-1962 00:00:00</DateOfBirth><Salary>2658,80</Salary><Gender>M</Gender></Employee><Employee><EmployeeId>10024</EmployeeId><FirstName>George</FirstName><LastName>Williams</LastName><DateOfBirth>14-10-1963 00:00:00</DateOfBirth><Salary>2793,35</Salary><Gender>M</Gender></Employee><Employee><EmployeeId>10026</EmployeeId><FirstName>John</FirstName><LastName>Brown</LastName><DateOfBirth>11-6-1965 00:00:00</DateOfBirth><Salary>2927,90</Salary><Gender>M</Gender></Employee><Employee><EmployeeId>10028</EmployeeId><FirstName>John</FirstName><LastName>Brown</LastName><DateOfBirth>7-2-1967 00:00:00</DateOfBirth><Salary>3062,46</Salary><Gender>M</Gender></Employee><Employee><EmployeeId>10030</EmployeeId><FirstName>Matthew</FirstName><LastName>Brown</LastName><DateOfBirth>5-10-1968 00:00:00</DateOfBirth><Salary>3197,01</Salary><Gender>M</Gender></Employee><Employee><EmployeeId>10032</EmployeeId><FirstName>Matthew</FirstName><LastName>Jones</LastName><DateOfBirth>3-6-1970 00:00:00</DateOfBirth><Salary>3331,56</Salary><Gender>M</Gender></Employee><Employee><EmployeeId>10034</EmployeeId><FirstName>Bill</FirstName><LastName>Jones</LastName><DateOfBirth>30-1-1972 00:00:00</DateOfBirth><Salary>3466,11</Salary><Gender>M</Gender></Employee><Employee><EmployeeId>10036</EmployeeId><FirstName>Bill</FirstName><LastName>Miller</LastName><DateOfBirth>27-9-1973 00:00:00</DateOfBirth><Salary>3600,66</Salary><Gender>M</Gender></Employee><Employee><EmployeeId>10038</EmployeeId><FirstName>Ethan</FirstName><LastName>Miller</LastName><DateOfBirth>26-5-1975 00:00:00</DateOfBirth><Salary>3735,22</Salary><Gender>M</Gender></Employee><Employee><EmployeeId>10040</EmployeeId><FirstName>Ethan</FirstName><LastName>Davis</LastName><DateOfBirth>22-1-1977 00:00:00</DateOfBirth><Salary>3869,77</Salary><Gender>M</Gender></Employee><Employee><EmployeeId>10042</EmployeeId><FirstName>Micheal</FirstName><LastName>Davis</LastName><DateOfBirth>20-9-1978 00:00:00</DateOfBirth><Salary>4004,32</Salary><Gender>M</Gender></Employee><Employee><EmployeeId>10044</EmployeeId><FirstName>Micheal</FirstName><LastName>Garcia</LastName><DateOfBirth>18-5-1980 00:00:00</DateOfBirth><Salary>4138,87</Salary><Gender>M</Gender></Employee><Employee><EmployeeId>10046</EmployeeId><FirstName>David</FirstName><LastName>Garcia</LastName><DateOfBirth>14-1-1982 00:00:00</DateOfBirth><Salary>4273,42</Salary><Gender>M</Gender></Employee><Employee><EmployeeId>10048</EmployeeId><FirstName>David</FirstName><LastName>Rodriguez</LastName><DateOfBirth>12-9-1983 00:00:00</DateOfBirth><Salary>4407,98</Salary><Gender>M</Gender></Employee><Employee><EmployeeId>10050</EmployeeId><FirstName>James</FirstName><LastName>Rodriguez</LastName><DateOfBirth>10-5-1985 00:00:00</DateOfBirth><Salary>4542,53</Salary><Gender>M</Gender></Employee><Employee><EmployeeId>10052</EmployeeId><FirstName>James</FirstName><LastName>Rodriguez</LastName><DateOfBirth>6-1-1987 00:00:00</DateOfBirth><Salary>4677,08</Salary><Gender>M</Gender></Employee><Employee><EmployeeId>10054</EmployeeId><FirstName>John</FirstName><LastName>Wilson</LastName><DateOfBirth>3-9-1988 00:00:00</DateOfBirth><Salary>4811,63</Salary><Gender>M</Gender></Employee><Employee><EmployeeId>10056</EmployeeId><FirstName>John</FirstName><LastName>Wilson</LastName><DateOfBirth>2-5-1990 00:00:00</DateOfBirth><Salary>4946,18</Salary><Gender>M</Gender></Employee><Employee><EmployeeId>10058</EmployeeId><FirstName>Peter</FirstName><LastName>Smith</LastName><DateOfBirth>30-12-1954 00:00:00</DateOfBirth><Salary>2080,73</Salary><Gender>M</Gender></Employee><Employee><EmployeeId>10060</EmployeeId><FirstName>Peter</FirstName><LastName>Smith</LastName><DateOfBirth>27-8-1956 00:00:00</DateOfBirth><Salary>2215,29</Salary><Gender>M</Gender></Employee><Employee><EmployeeId>10062</EmployeeId><FirstName>Pierre</FirstName><LastName>Johnson</LastName><DateOfBirth>25-4-1958 00:00:00</DateOfBirth><Salary>2349,84</Salary><Gender>M</Gender></Employee><Employee><EmployeeId>10064</EmployeeId><FirstName>Pierre</FirstName><LastName>Johnson</LastName><DateOfBirth>22-12-1959 00:00:00</DateOfBirth><Salary>2484,39</Salary><Gender>M</Gender></Employee><Employee><EmployeeId>10066</EmployeeId><FirstName>George</FirstName><LastName>Williams</LastName><DateOfBirth>19-8-1961 00:00:00</DateOfBirth><Salary>2618,94</Salary><Gender>M</Gender></Employee><Employee><EmployeeId>10068</EmployeeId><FirstName>George</FirstName><LastName>Williams</LastName><DateOfBirth>17-4-1963 00:00:00</DateOfBirth><Salary>2753,49</Salary><Gender>M</Gender></Employee><Employee><EmployeeId>10070</EmployeeId><FirstName>John</FirstName><LastName>Williams</LastName><DateOfBirth>14-12-1964 00:00:00</DateOfBirth><Salary>2888,05</Salary><Gender>M</Gender></Employee><Employee><EmployeeId>10072</EmployeeId><FirstName>John</FirstName><LastName>Brown</LastName><DateOfBirth>12-8-1966 00:00:00</DateOfBirth><Salary>3022,60</Salary><Gender>M</Gender></Employee><Employee><EmployeeId>10074</EmployeeId><FirstName>Matthew</FirstName><LastName>Brown</LastName><DateOfBirth>9-4-1968 00:00:00</DateOfBirth><Salary>3157,15</Salary><Gender>M</Gender></Employee><Employee><EmployeeId>10076</EmployeeId><FirstName>Matthew</FirstName><LastName>Jones</LastName><DateOfBirth>6-12-1969 00:00:00</DateOfBirth><Salary>3291,70</Salary><Gender>M</Gender></Employee><Employee><EmployeeId>10078</EmployeeId><FirstName>Bill</FirstName><LastName>Jones</LastName><DateOfBirth>4-8-1971 00:00:00</DateOfBirth><Salary>3426,25</Salary><Gender>M</Gender></Employee><Employee><EmployeeId>10080</EmployeeId><FirstName>Bill</FirstName><LastName>Miller</LastName><DateOfBirth>1-4-1973 00:00:00</DateOfBirth><Salary>3560,81</Salary><Gender>M</Gender></Employee><Employee><EmployeeId>10082</EmployeeId><FirstName>Ethan</FirstName><LastName>Miller</LastName><DateOfBirth>28-11-1974 00:00:00</DateOfBirth><Salary>3695,36</Salary><Gender>M</Gender></Employee><Employee><EmployeeId>10084</EmployeeId><FirstName>Ethan</FirstName><LastName>Davis</LastName><DateOfBirth>26-7-1976 00:00:00</DateOfBirth><Salary>3829,91</Salary><Gender>M</Gender></Employee><Employee><EmployeeId>10086</EmployeeId><FirstName>Micheal</FirstName><LastName>Davis</LastName><DateOfBirth>24-3-1978 00:00:00</DateOfBirth><Salary>3964,46</Salary><Gender>M</Gender></Employee><Employee><EmployeeId>10088</EmployeeId><FirstName>Micheal</FirstName><LastName>Davis</LastName><DateOfBirth>20-11-1979 00:00:00</DateOfBirth><Salary>4099,01</Salary><Gender>M</Gender></Employee><Employee><EmployeeId>10090</EmployeeId><FirstName>David</FirstName><LastName>Garcia</LastName><DateOfBirth>18-7-1981 00:00:00</DateOfBirth><Salary>4233,56</Salary><Gender>M</Gender></Employee><Employee><EmployeeId>10092</EmployeeId><FirstName>David</FirstName><LastName>Garcia</LastName><DateOfBirth>16-3-1983 00:00:00</DateOfBirth><Salary>4368,12</Salary><Gender>M</Gender></Employee><Employee><EmployeeId>10094</EmployeeId><FirstName>James</FirstName><LastName>Rodriguez</LastName><DateOfBirth>11-11-1984 00:00:00</DateOfBirth><Salary>4502,67</Salary><Gender>M</Gender></Employee><Employee><EmployeeId>10096</EmployeeId><FirstName>James</FirstName><LastName>Rodriguez</LastName><DateOfBirth>10-7-1986 00:00:00</DateOfBirth><Salary>4637,22</Salary><Gender>M</Gender></Employee><Employee><EmployeeId>10098</EmployeeId><FirstName>John</FirstName><LastName>Wilson</LastName><DateOfBirth>7-3-1988 00:00:00</DateOfBirth><Salary>4771,77</Salary><Gender>M</Gender></Employee></Employees>