<?xml version="1.0"?><Employees><Employee><EmployeeId>10001</EmployeeId><FirstName>George</FirstName><LastName>Williams</LastName><DateOfBirth>15-3-1963 00:00:00</DateOfBirth><Gender>M</Gender><Salary>2746,01</Salary></Employee><Employee><EmployeeId>10003</EmployeeId><FirstName>John</FirstName><LastName>Williams</LastName><DateOfBirth>10-11-1964 00:00:00</DateOfBirth><Gender>M</Gender><Salary>2880,56</Salary></Employee><Employee><EmployeeId>10005</EmployeeId><FirstName>John</FirstName><LastName>Brown</LastName><DateOfBirth>9-7-1966 00:00:00</DateOfBirth><Gender>M</Gender><Salary>3015,11</Salary></Employee><Employee><EmployeeId>10007</EmployeeId><FirstName>Matthew</FirstName><LastName>Brown</LastName><DateOfBirth>6-3-1968 00:00:00</DateOfBirth><Gender>M</Gender><Salary>3149,66</Salary></Employee><Employee><EmployeeId>10009</EmployeeId><FirstName>Matthew</FirstName><LastName>Jones</LastName><DateOfBirth>2-11-1969 00:00:00</DateOfBirth><Gender>M</Gender><Salary>3284,21</Salary></Employee><Employee><EmployeeId>10011</EmployeeId><FirstName>Bill</FirstName><LastName>Jones</LastName><DateOfBirth>1-7-1971 00:00:00</DateOfBirth><Gender>M</Gender><Salary>3418,77</Salary></Employee><Employee><EmployeeId>10013</EmployeeId><FirstName>Bill</FirstName><LastName>Miller</LastName><DateOfBirth>26-2-1973 00:00:00</DateOfBirth><Gender>M</Gender><Salary>3553,32</Salary></Employee><Employee><EmployeeId>10015</EmployeeId><FirstName>Ethan</FirstName><LastName>Miller</LastName><DateOfBirth>25-10-1974 00:00:00</DateOfBirth><Gender>M</Gender><Salary>3687,87</Salary></Employee><Employee><EmployeeId>10017</EmployeeId><FirstName>Ethan</FirstName><LastName>Davis</LastName><DateOfBirth>22-6-1976 00:00:00</DateOfBirth><Gender>M</Gender><Salary>3822,42</Salary></Employee><Employee><EmployeeId>10019</EmployeeId><FirstName>Micheal</FirstName><LastName>Davis</LastName><DateOfBirth>18-2-1978 00:00:00</DateOfBirth><Gender>M</Gender><Salary>3956,97</Salary></Employee><Employee><EmployeeId>10021</EmployeeId><FirstName>Micheal</FirstName><LastName>Davis</LastName><DateOfBirth>17-10-1979 00:00:00</DateOfBirth><Gender>M</Gender><Salary>4091,52</Salary></Employee><Employee><EmployeeId>10023</EmployeeId><FirstName>David</FirstName><LastName>Garcia</LastName><DateOfBirth>14-6-1981 00:00:00</DateOfBirth><Gender>M</Gender><Salary>4226,08</Salary></Employee><Employee><EmployeeId>10025</EmployeeId><FirstName>David</FirstName><LastName>Garcia</LastName><DateOfBirth>11-2-1983 00:00:00</DateOfBirth><Gender>M</Gender><Salary>4360,63</Salary></Employee><Employee><EmployeeId>10027</EmployeeId><FirstName>James</FirstName><LastName>Rodriguez</LastName><DateOfBirth>9-10-1984 00:00:00</DateOfBirth><Gender>M</Gender><Salary>4495,18</Salary></Employee><Employee><EmployeeId>10029</EmployeeId><FirstName>James</FirstName><LastName>Rodriguez</LastName><DateOfBirth>7-6-1986 00:00:00</DateOfBirth><Gender>M</Gender><Salary>4629,73</Salary></Employee><Employee><EmployeeId>10031</EmployeeId><FirstName>John</FirstName><LastName>Wilson</LastName><DateOfBirth>3-2-1988 00:00:00</DateOfBirth><Gender>M</Gender><Salary>4764,28</Salary></Employee><Employee><EmployeeId>10033</EmployeeId><FirstName>John</FirstName><LastName>Wilson</LastName><DateOfBirth>1-10-1989 00:00:00</DateOfBirth><Gender>M</Gender><Salary>4898,84</Salary></Employee><Employee><EmployeeId>10035</EmployeeId><FirstName>Peter</FirstName><LastName>Smith</LastName><DateOfBirth>31-5-1954 00:00:00</DateOfBirth><Gender>M</Gender><Salary>2033,39</Salary></Employee><Employee><EmployeeId>10037</EmployeeId><FirstName>Peter</FirstName><LastName>Smith</LastName><DateOfBirth>27-1-1956 00:00:00</DateOfBirth><Gender>M</Gender><Salary>2167,94</Salary></Employee><Employee><EmployeeId>10039</EmployeeId><FirstName>Pierre</FirstName><LastName>Johnson</LastName><DateOfBirth>24-9-1957 00:00:00</DateOfBirth><Gender>M</Gender><Salary>2302,49</Salary></Employee><Employee><EmployeeId>10041</EmployeeId><FirstName>Pierre</FirstName><LastName>Johnson</LastName><DateOfBirth>23-5-1959 00:00:00</DateOfBirth><Gender>M</Gender><Salary>2437,04</Salary></Employee><Employee><EmployeeId>10043</EmployeeId><FirstName>George</FirstName><LastName>Johnson</LastName><DateOfBirth>18-1-1961 00:00:00</DateOfBirth><Gender>M</Gender><Salary>2571,60</Salary></Employee><Employee><EmployeeId>10045</EmployeeId><FirstName>George</FirstName><LastName>Williams</LastName><DateOfBirth>16-9-1962 00:00:00</DateOfBirth><Gender>M</Gender><Salary>2706,15</Salary></Employee><Employee><EmployeeId>10047</EmployeeId><FirstName>John</FirstName><LastName>Williams</LastName><DateOfBirth>14-5-1964 00:00:00</DateOfBirth><Gender>M</Gender><Salary>2840,70</Salary></Employee><Employee><EmployeeId>10049</EmployeeId><FirstName>John</FirstName><LastName>Brown</LastName><DateOfBirth>10-1-1966 00:00:00</DateOfBirth><Gender>M</Gender><Salary>2975,25</Salary></Employee><Employee><EmployeeId>10051</EmployeeId><FirstName>Matthew</FirstName><LastName>Brown</LastName><DateOfBirth>8-9-1967 00:00:00</DateOfBirth><Gender>M</Gender><Salary>3109,80</Salary></Employee><Employee><EmployeeId>10053</EmployeeId><FirstName>Matthew</FirstName><LastName>Jones</LastName><DateOfBirth>6-5-1969 00:00:00</DateOfBirth><Gender>M</Gender><Salary>3244,35</Salary></Employee><Employee><EmployeeId>10055</EmployeeId><FirstName>Bill</FirstName><LastName>Jones</LastName><DateOfBirth>3-1-1971 00:00:00</DateOfBirth><Gender>M</Gender><Salary>3378,91</Salary></Employee><Employee><EmployeeId>10057</EmployeeId><FirstName>Bill</FirstName><LastName>Miller</LastName><DateOfBirth>31-8-1972 00:00:00</DateOfBirth><Gender>M</Gender><Salary>3513,46</Salary></Employee><Employee><EmployeeId>10059</EmployeeId><FirstName>Ethan</FirstName><LastName>Miller</LastName><DateOfBirth>29-4-1974 00:00:00</DateOfBirth><Gender>M</Gender><Salary>3648,01</Salary></Employee><Employee><EmployeeId>10061</EmployeeId><FirstName>Ethan</FirstName><LastName>Miller</LastName><DateOfBirth>26-12-1975 00:00:00</DateOfBirth><Gender>M</Gender><Salary>3782,56</Salary></Employee><Employee><EmployeeId>10063</EmployeeId><FirstName>Micheal</FirstName><LastName>Davis</LastName><DateOfBirth>23-8-1977 00:00:00</DateOfBirth><Gender>M</Gender><Salary>3917,11</Salary></Employee><Employee><EmployeeId>10065</EmployeeId><FirstName>Micheal</FirstName><LastName>Davis</LastName><DateOfBirth>21-4-1979 00:00:00</DateOfBirth><Gender>M</Gender><Salary>4051,67</Salary></Employee><Employee><EmployeeId>10067</EmployeeId><FirstName>David</FirstName><LastName>Garcia</LastName><DateOfBirth>17-12-1980 00:00:00</DateOfBirth><Gender>M</Gender><Salary>4186,22</Salary></Employee><Employee><EmployeeId>10069</EmployeeId><FirstName>David</FirstName><LastName>Garcia</LastName><DateOfBirth>15-8-1982 00:00:00</DateOfBirth><Gender>M</Gender><Salary>4320,77</Salary></Employee><Employee><EmployeeId>10071</EmployeeId><FirstName>James</FirstName><LastName>Rodriguez</LastName><DateOfBirth>12-4-1984 00:00:00</DateOfBirth><Gender>M</Gender><Salary>4455,32</Salary></Employee><Employee><EmployeeId>10073</EmployeeId><FirstName>James</FirstName><LastName>Rodriguez</LastName><DateOfBirth>9-12-1985 00:00:00</DateOfBirth><Gender>M</Gender><Salary>4589,87</Salary></Employee><Employee><EmployeeId>10075</EmployeeId><FirstName>James</FirstName><LastName>Wilson</LastName><DateOfBirth>7-8-1987 00:00:00</DateOfBirth><Gender>M</Gender><Salary>4724,43</Salary></Employee><Employee><EmployeeId>10077</EmployeeId><FirstName>John</FirstName><LastName>Wilson</LastName><DateOfBirth>4-4-1989 00:00:00</DateOfBirth><Gender>M</Gender><Salary>4858,98</Salary></Employee><Employee><EmployeeId>10079</EmployeeId><FirstName>John</FirstName><LastName>Wilson</LastName><DateOfBirth>1-12-1990 00:00:00</DateOfBirth><Gender>M</Gender><Salary>4993,53</Salary></Employee><Employee><EmployeeId>10081</EmployeeId><FirstName>Peter</FirstName><LastName>Smith</LastName><DateOfBirth>31-7-1955 00:00:00</DateOfBirth><Gender>M</Gender><Salary>2128,08</Salary></Employee><Employee><EmployeeId>10083</EmployeeId><FirstName>Peter</FirstName><LastName>Smith</LastName><DateOfBirth>28-3-1957 00:00:00</DateOfBirth><Gender>M</Gender><Salary>2262,63</Salary></Employee><Employee><EmployeeId>10085</EmployeeId><FirstName>Pierre</FirstName><LastName>Johnson</LastName><DateOfBirth>25-11-1958 00:00:00</DateOfBirth><Gender>M</Gender><Salary>2397,18</Salary></Employee><Employee><EmployeeId>10087</EmployeeId><FirstName>Pierre</FirstName><LastName>Johnson</LastName><DateOfBirth>23-7-1960 00:00:00</DateOfBirth><Gender>M</Gender><Salary>2531,74</Salary></Employee><Employee><EmployeeId>10089</EmployeeId><FirstName>George</FirstName><LastName>Williams</LastName><DateOfBirth>21-3-1962 00:00:00</DateOfBirth><Gender>M</Gender><Salary>2666,29</Salary></Employee><Employee><EmployeeId>10091</EmployeeId><FirstName>George</FirstName><LastName>Williams</LastName><DateOfBirth>17-11-1963 00:00:00</DateOfBirth><Gender>M</Gender><Salary>2800,84</Salary></Employee><Employee><EmployeeId>10093</EmployeeId><FirstName>John</FirstName><LastName>Brown</LastName><DateOfBirth>15-7-1965 00:00:00</DateOfBirth><Gender>M</Gender><Salary>2935,39</Salary></Employee><Employee><EmployeeId>10095</EmployeeId><FirstName>John</FirstName><LastName>Brown</LastName><DateOfBirth>13-3-1967 00:00:00</DateOfBirth><Gender>M</Gender><Salary>3069,94</Salary></Employee><Employee><EmployeeId>10097</EmployeeId><FirstName>Matthew</FirstName><LastName>Jones</LastName><DateOfBirth>8-11-1968 00:00:00</DateOfBirth><Gender>M</Gender><Salary>3204,50</Salary></Employee><Employee><EmployeeId>10099</EmployeeId><FirstName>Matthew</FirstName><LastName>Jones</LastName><DateOfBirth>7-7-1970 00:00:00</DateOfBirth><Gender>M</Gender><Salary>3339,05</Salary></Employee></Employees>